annotation_id,external_id,sequence_id,turn_range,is_calibration,seeker_stance,primary_d2_role,d1_support_type,d3_strategies,stance_mismatch,confidence,notes,coder_id,created_at
96c338a5-e9cd-442d-a1b7-bfbe59d321d0,ESConv_6,75a33208-a941-494d-a71a-c92efed85165,"[2,7)",TRUE,Passive,Reflective Partner,Emotional,Reflection of Feelings; Affirmation and Reassurance,misfit,2,,bf32f904-50b3-4abb-9e0a-11aa1e2fb942,2026-03-26T18:16:40.746937+00:00
a08bcaf5-ba61-4a95-b5ca-dc71c01fb2be,ESConv_0,ebf7dd4d-4933-4c3c-b4b0-4272ca7ba279,"[7,12)",TRUE,Passive,Advisor,Emotional,Question; Reflection of Feelings; Affirmation and Reassurance,misaligned_paradox_risk,3,,bf32f904-50b3-4abb-9e0a-11aa1e2fb942,2026-03-26T17:49:16.712326+00:00
2c35e5e8-1ec7-4764-996f-cb93e914999f,ESConv_9,52c387cc-17cd-4169-b037-facfe699563f,"[2,7)",TRUE,Passive,None,None,Others,N/A,2,,bf32f904-50b3-4abb-9e0a-11aa1e2fb942,2026-03-26T18:19:56.982586+00:00
be4a3d19-e141-46f8-a51b-947f76b9c68c,ESConv_2,5c55ef68-9635-47a5-a0bd-3dceb60bcb06,"[2,7)",TRUE,Passive,Advisor,Informational,Providing Suggestions; Question,misaligned_paradox_risk,3,Supporter is only asking about needs and trying to provide advice,bf32f904-50b3-4abb-9e0a-11aa1e2fb942,2026-03-26T17:54:55.247591+00:00
eea682a7-e286-4c87-9068-23edd422902a,ESConv_3,78bcce09-2954-4b80-938a-3c5f373dee53,"[2,7)",TRUE,Exploratory,Advisor,Emotional,Question; Information; Self-disclosure,mild_misfit,2,Supporter seems to be giving advice on how to handle isolation,bf32f904-50b3-4abb-9e0a-11aa1e2fb942,2026-03-26T17:59:58.173524+00:00
10c0dd07-1948-45dd-9094-4cd64937a3e8,ESConv_0,3be93cc8-6e5c-482c-b080-2503d38b0fee,"[2,7)",TRUE,Passive,Reflective Partner,None,Question,misfit,2,"Since this conversation is pretty short and it only inquires about the user, I don't think there's any support time right now because we are not supporting. ",41f829d6-9b5c-4fac-bfae-340a90fd8b25,2026-03-26T18:01:09.766626+00:00
ebe43561-26f4-4658-b65c-f8a5f069a4ab,ESConv_4,310b6798-365a-470c-82c5-d382e86e63f1,"[2,7)",TRUE,Passive,Reflective Partner,Emotional,Question,misfit,3,"Support offered affirmation followed by clarifying questions
",bf32f904-50b3-4abb-9e0a-11aa1e2fb942,2026-03-26T18:07:54.32124+00:00
543307ac-22f3-405e-ba4b-86bb9f810050,ESConv_3,ed7a9f4d-4ed1-4426-a8e5-d2dc5d597fc2,"[7,12)",TRUE,Exploratory,Advisor,Network,Providing Suggestions,mild_misfit,3,strong focus on finding community and support groups,bf32f904-50b3-4abb-9e0a-11aa1e2fb942,2026-03-26T18:11:38.212661+00:00
4e99f353-9c96-4d02-a6b7-7d31b8c636f2,ESConv_5,979d700e-8c28-4a21-ba62-40c9b15298a6,"[2,7)",TRUE,Passive,Advisor,Informational,Question; Affirmation and Reassurance; Providing Suggestions,misaligned_paradox_risk,3,,bf32f904-50b3-4abb-9e0a-11aa1e2fb942,2026-03-26T18:13:18.277737+00:00
8bfb06df-6373-4a5c-baef-1a14b97b9ab2,ESConv_6,af7634d3-b1c1-4d60-867d-3cbb15c3cc65,"[7,12)",TRUE,Passive,Advisor,Informational,Information; Providing Suggestions,misaligned_paradox_risk,3,,bf32f904-50b3-4abb-9e0a-11aa1e2fb942,2026-03-26T18:17:11.138681+00:00
4e97c467-bfe1-4fb3-ac33-724cf5a8fa28,ESConv_7,b587e214-5d7f-465f-964e-40e88fd52f82,"[2,7)",TRUE,Active,None,None,Others,N/A,2,no support given at this point,bf32f904-50b3-4abb-9e0a-11aa1e2fb942,2026-03-26T18:17:40.337565+00:00
1ebe45ba-cc89-4287-bc24-722fcc1747e8,ESConv_7,c3401816-b867-47c9-a341-e86b88743589,"[7,12)",TRUE,Active,Listener,Emotional,Affirmation and Reassurance,misfit,2,,bf32f904-50b3-4abb-9e0a-11aa1e2fb942,2026-03-26T18:18:33.674185+00:00
d032eb6d-a66f-41a9-8771-1363deb6647f,ESConv_8,deea06b4-0980-4a4e-a1c0-3d4d9b49123d,"[2,7)",TRUE,Active,Advisor,Informational,Providing Suggestions,aligned,2,,bf32f904-50b3-4abb-9e0a-11aa1e2fb942,2026-03-26T18:19:00.663138+00:00
8c10c12a-4bb9-4108-8331-14049f1e667b,ESConv_0,ebf7dd4d-4933-4c3c-b4b0-4272ca7ba279,"[7,12)",TRUE,Passive,Ambiguous,Esteem,Question; Reflection of Feelings,N/A,1,"For the one support type, it contains multiple like steam, appraisal, and emotional. ",41f829d6-9b5c-4fac-bfae-340a90fd8b25,2026-03-26T18:19:36.681+00:00
51b2cd86-0a04-4de4-ba6d-398c15b1df11,ESConv_15,9ca8ae7d-d106-495a-9f90-e54da5e5fae9,"[2,7)",TRUE,Passive,Advisor,Informational,Providing Suggestions,misaligned_paradox_risk,2,,bf32f904-50b3-4abb-9e0a-11aa1e2fb942,2026-03-26T18:27:15.322564+00:00
6dcbd661-3e92-4741-8495-c3d115108e3f,ESConv_9,4afd4e48-dd58-4a9e-bfc8-a36b17c47750,"[7,12)",TRUE,Passive,Listener,Emotional,Question,aligned,1,Advice given doesn't seem very helpful,bf32f904-50b3-4abb-9e0a-11aa1e2fb942,2026-03-26T18:20:30.429312+00:00
591cea5b-dffd-4287-9e57-e2ef0a17f886,ESConv_10,c43e7cef-1059-443d-b09b-4253c63045c9,"[2,7)",TRUE,Passive,None,None,Others,N/A,2,,bf32f904-50b3-4abb-9e0a-11aa1e2fb942,2026-03-26T18:20:42.532018+00:00
0db11e70-1042-4398-adbe-37bda730a539,ESConv_10,2866f0a4-26da-4441-925f-1afbd7bd7479,"[7,12)",TRUE,Passive,Reflective Partner,Esteem,Restatement/Paraphrasing; Affirmation and Reassurance,misfit,2,,bf32f904-50b3-4abb-9e0a-11aa1e2fb942,2026-03-26T18:21:13.342127+00:00
c312a875-9439-4932-824c-02b785b7c208,ESConv_11,af618bf3-c71b-44ba-ad0a-89d1a6028940,"[2,7)",TRUE,Passive,Advisor,Informational,Providing Suggestions,misaligned_paradox_risk,2,,bf32f904-50b3-4abb-9e0a-11aa1e2fb942,2026-03-26T18:21:51.58239+00:00
95475405-f400-4eea-8ea7-d2b2590bc78e,ESConv_1,4ff96039-fae0-475a-a046-8d58cb1720da,"[2,7)",TRUE,Active,Listener,None,,misfit,3,,41f829d6-9b5c-4fac-bfae-340a90fd8b25,2026-03-26T18:21:59.476375+00:00
ec3cc084-5dff-44d9-90c2-a0698515557c,ESConv_11,8d7b24fa-9886-4231-b87c-3a1195db00aa,"[7,12)",TRUE,Passive,Coach,Esteem,Affirmation and Reassurance; Question,misaligned,2,Focused on coaching and understanding the seeker's past and building up their self esteem,bf32f904-50b3-4abb-9e0a-11aa1e2fb942,2026-03-26T18:22:47.179792+00:00
8d058ce8-63c9-4e8a-a5b5-20b095d15dcd,ESConv_12,0ff86499-9786-4eb1-845d-7293630c67a5,"[2,7)",TRUE,Active,Listener,Emotional,Affirmation and Reassurance,misfit,2,,bf32f904-50b3-4abb-9e0a-11aa1e2fb942,2026-03-26T18:23:16.671125+00:00
6f35433a-99d3-4f5c-8ed0-01e43e26dff0,ESConv_1,c5e6c09b-0c35-46fa-9215-bbfd9dcb4d28,"[7,12)",TRUE,Active,Reflective Partner,None,Question; Restatement/Paraphrasing,mild_misfit,3,The agent is asking the user to confirm the problem. ,41f829d6-9b5c-4fac-bfae-340a90fd8b25,2026-03-26T18:24:28.612827+00:00
ba8d316e-a962-4eb0-b59b-25b3dd207cf6,ESConv_12,08687149-4e3e-4ebc-8b3a-a3eef500fd72,"[7,12)",TRUE,Active,Listener,Emotional,Affirmation and Reassurance; Question,misfit,3,,bf32f904-50b3-4abb-9e0a-11aa1e2fb942,2026-03-26T18:24:36.027538+00:00
cc0e06a8-c50c-4f60-b7a3-16dfd4e6e2c9,ESConv_13,4187bc51-71af-471c-9909-21d621dac393,"[2,7)",TRUE,Passive,Listener,Emotional,Question; Affirmation and Reassurance,aligned,3,,bf32f904-50b3-4abb-9e0a-11aa1e2fb942,2026-03-26T18:24:56.433132+00:00
4607b547-a1ba-42ff-870f-0aa744f09867,ESConv_13,8fdf0ab5-8dd0-40d6-ada3-6e096878d421,"[7,12)",TRUE,Passive,Listener,Emotional,Question,aligned,3,,bf32f904-50b3-4abb-9e0a-11aa1e2fb942,2026-03-26T18:26:12.706836+00:00
36c01911-7734-4fc8-a56e-5550e889673b,ESConv_14,5bcd60c8-24eb-4af0-93d1-d090b0cb80f3,"[2,7)",TRUE,Passive,Listener,Emotional,Question,aligned,2,,bf32f904-50b3-4abb-9e0a-11aa1e2fb942,2026-03-26T18:26:25.400227+00:00
409c5365-6637-458a-89ec-3e817a3d1ba2,ESConv_2,5c55ef68-9635-47a5-a0bd-3dceb60bcb06,"[2,7)",TRUE,Passive,Reflective Partner,Emotional,Question; Reflection of Feelings,misfit,3,,41f829d6-9b5c-4fac-bfae-340a90fd8b25,2026-03-26T18:26:53.468233+00:00
8baad65b-9c28-463c-8cdf-5da5efa7831e,ESConv_14,ca101dbe-c08e-4300-850d-7f591108abd0,"[7,12)",TRUE,Passive,Advisor,Emotional,Question; Providing Suggestions,misaligned_paradox_risk,2,,bf32f904-50b3-4abb-9e0a-11aa1e2fb942,2026-03-26T18:26:56.057609+00:00
c895a4e4-6b91-41e7-8171-438e67c81904,ESConv_15,851d2036-8f97-481c-8300-25b24c083995,"[7,12)",TRUE,Passive,Advisor,Informational,Providing Suggestions,misaligned_paradox_risk,3,,bf32f904-50b3-4abb-9e0a-11aa1e2fb942,2026-03-26T18:27:37.862537+00:00
83742e0a-b39d-4d8d-9808-afbab88d542c,ESConv_16,07495c58-b7f8-4135-bf45-4f8f3dc2eae9,"[2,7)",TRUE,Passive,Reflective Partner,Emotional,Question; Restatement/Paraphrasing,misfit,3,,bf32f904-50b3-4abb-9e0a-11aa1e2fb942,2026-03-26T18:28:02.057186+00:00
945a8a96-e16d-49bd-9ff1-76904f2a1a83,ESConv_16,89465216-38b2-4d82-ac70-cfa775b1fe69,"[7,12)",TRUE,Passive,Listener,Emotional,Affirmation and Reassurance,aligned,2,,bf32f904-50b3-4abb-9e0a-11aa1e2fb942,2026-03-26T18:28:25.738699+00:00
bea9b00e-db11-44ce-a960-4865b4ab5f99,ESConv_17,35697fe2-df57-406c-ad53-f65eec80db24,"[2,7)",TRUE,Passive,None,None,Others,N/A,2,,bf32f904-50b3-4abb-9e0a-11aa1e2fb942,2026-03-26T18:28:41.573113+00:00
f6c24a18-d56d-4859-9461-cd56ffa06b7a,ESConv_2,6b31c574-add4-4558-90bc-8eb4afa82aa3,"[7,12)",TRUE,Passive,Listener,Emotional,Question; Reflection of Feelings,aligned,2,,41f829d6-9b5c-4fac-bfae-340a90fd8b25,2026-03-26T18:28:48.114657+00:00
b850312d-4328-40ed-892a-a683ea031dc7,ESConv_17,37a3d916-b3da-4fc6-a485-9e2aaf08f30d,"[7,12)",TRUE,Passive,Reflective Partner,Emotional,Affirmation and Reassurance,misfit,2,,bf32f904-50b3-4abb-9e0a-11aa1e2fb942,2026-03-26T18:29:36.43655+00:00
11953f50-8d5f-4cda-9ee6-dd5dd366dd7d,ESConv_18,2ff9fb5f-fb0b-4149-82d7-1bfd2d19f0fc,"[2,7)",TRUE,Passive,Reflective Partner,Emotional,Restatement/Paraphrasing,misfit,2,,bf32f904-50b3-4abb-9e0a-11aa1e2fb942,2026-03-26T18:29:52.972788+00:00
8bca7b7f-cbe5-4630-93d7-5841c50fab93,ESConv_0,3be93cc8-6e5c-482c-b080-2503d38b0fee,"[2,7)",TRUE,Passive,Reflective Partner,None,Question,misfit,2,,bf32f904-50b3-4abb-9e0a-11aa1e2fb942,2026-03-26T17:47:18.203175+00:00
11139b1d-6a08-4c92-a45f-aadffbfd0d9a,ESConv_6,af7634d3-b1c1-4d60-867d-3cbb15c3cc65,"[7,12)",TRUE,Passive,Advisor,Emotional,Question; Reflection of Feelings; Providing Suggestions,misaligned_paradox_risk,2,,41f829d6-9b5c-4fac-bfae-340a90fd8b25,2026-03-26T18:51:43.734629+00:00
66c38e53-684f-4345-8fb9-c0cca9d82184,ESConv_19,68b123e7-1565-4303-b628-c8ade42ca6b0,"[2,7)",TRUE,Passive,Reflective Partner,Emotional,Question,misfit,3,,bf32f904-50b3-4abb-9e0a-11aa1e2fb942,2026-03-26T18:31:11.273231+00:00
92606c7b-d54d-4775-a621-a5f445f5b818,ESConv_3,ed7a9f4d-4ed1-4426-a8e5-d2dc5d597fc2,"[7,12)",TRUE,Passive,Advisor,Network,Reflection of Feelings; Question; Self-disclosure,misaligned_paradox_risk,2,"So here, the AI is giving advice by suggesting that the user find a community. ",41f829d6-9b5c-4fac-bfae-340a90fd8b25,2026-03-26T18:36:27.776098+00:00
2a4781a1-5363-4de7-b005-d8d2c0108a51,ESConv_4,310b6798-365a-470c-82c5-d382e86e63f1,"[2,7)",TRUE,Passive,Listener,Emotional,Question,aligned,2,,41f829d6-9b5c-4fac-bfae-340a90fd8b25,2026-03-26T18:39:03.385554+00:00
156fcca4-bdd2-4aeb-b56f-bad5229e8f39,ESConv_4,a09e2a91-0b89-4601-adbb-cd8c8ca3dfb2,"[7,12)",TRUE,Passive,Reflective Partner,Ambiguous,Question; Reflection of Feelings,misfit,2,,41f829d6-9b5c-4fac-bfae-340a90fd8b25,2026-03-26T18:41:40.735808+00:00
1923b54d-f4fd-4ea7-b877-1eb36da9b0ad,ESConv_5,979d700e-8c28-4a21-ba62-40c9b15298a6,"[2,7)",TRUE,Passive,Listener,Emotional,Question; Reflection of Feelings,aligned,2,,41f829d6-9b5c-4fac-bfae-340a90fd8b25,2026-03-26T18:43:03.741688+00:00
0f3f63e2-304c-4eba-9d37-0f07b43f4728,ESConv_5,d2eded2f-0c0d-4992-b2cf-2ff849ecfe33,"[7,12)",TRUE,Passive,Reflective Partner,Informational,Question,misfit,2,,41f829d6-9b5c-4fac-bfae-340a90fd8b25,2026-03-26T18:44:43.513485+00:00
b3ed4d52-6fe6-4796-ace9-c4bf938a8be9,ESConv_4,a09e2a91-0b89-4601-adbb-cd8c8ca3dfb2,"[7,12)",TRUE,Passive,Reflective Partner,Emotional,Question,misfit,2,,bf32f904-50b3-4abb-9e0a-11aa1e2fb942,2026-03-26T18:45:35.603841+00:00
9fd41066-185c-4258-8ad8-181caae424fb,ESConv_20,978d0d2b-68c6-41d7-9149-9a38f60e7269,"[2,7)",TRUE,Passive,Reflective Partner,Emotional,Question,misfit,2,,bf32f904-50b3-4abb-9e0a-11aa1e2fb942,2026-03-26T18:45:49.353063+00:00
1bbb436c-542c-496b-b9f4-9ec56c06a57d,ESConv_20,2f984489-b8dc-4350-a176-352ea03e400d,"[7,12)",TRUE,Passive,Advisor,Tangible,Providing Suggestions; Affirmation and Reassurance,misaligned_paradox_risk,3,,bf32f904-50b3-4abb-9e0a-11aa1e2fb942,2026-03-26T18:46:27.698537+00:00
e00aa2b8-1f90-4b76-bfcd-35a37a74d7ce,ESConv_21,91345cd8-c511-404b-8db1-5c88c7057993,"[2,7)",TRUE,Passive,Listener,Emotional,Affirmation and Reassurance; Question; Reflection of Feelings,aligned,2,,bf32f904-50b3-4abb-9e0a-11aa1e2fb942,2026-03-26T18:47:11.568744+00:00
cb8bb477-5cd6-4b12-b4ff-e7ee1d575076,ESConv_21,689936e4-bee9-4ffb-967e-128e7a7fa4c1,"[7,12)",TRUE,Passive,Reflective Partner,Emotional,Affirmation and Reassurance; Reflection of Feelings; Providing Suggestions,misfit,2,,bf32f904-50b3-4abb-9e0a-11aa1e2fb942,2026-03-26T18:47:58.704713+00:00
362c6239-47a0-4d0e-8a13-478846776fc3,ESConv_22,7c292aae-ecbe-466f-b596-7f64b0aa2f01,"[2,7)",TRUE,Passive,Listener,Emotional,Question,aligned,2,,bf32f904-50b3-4abb-9e0a-11aa1e2fb942,2026-03-26T18:48:26.614121+00:00
3ffc1e70-643c-48fa-887b-5f96c4861b5a,ESConv_22,4eeb5306-2e52-4300-88d8-c19897981d65,"[7,12)",TRUE,Passive,Advisor,Informational,Question; Providing Suggestions,misaligned_paradox_risk,2,,bf32f904-50b3-4abb-9e0a-11aa1e2fb942,2026-03-26T18:48:51.386697+00:00
c0c7e6bc-a1af-4b60-a4d2-006cdfe48fc8,ESConv_23,0957ad51-b545-4e0c-9f5e-12098c7e0e7e,"[2,7)",TRUE,Active,Listener,None,Question; Restatement/Paraphrasing,misfit,2,,bf32f904-50b3-4abb-9e0a-11aa1e2fb942,2026-03-26T18:49:26.948235+00:00
79724b93-6516-42ee-a577-cc9ad687e687,ESConv_23,bfe3cebe-88aa-41ac-b00d-7b1c08acbc9a,"[7,12)",TRUE,Active,Advisor,Tangible,Question,aligned,3,,bf32f904-50b3-4abb-9e0a-11aa1e2fb942,2026-03-26T18:50:00.089641+00:00
8d319bae-1649-4d0e-93ff-703eccc7c840,ESConv_24,739d7c33-e2fa-45e2-af6b-f684f2b3676c,"[2,7)",TRUE,Passive,Listener,Emotional,Question,aligned,2,,bf32f904-50b3-4abb-9e0a-11aa1e2fb942,2026-03-26T18:50:12.222097+00:00
fc0e53a6-8dd6-4d8b-852e-8e3ec8fd9bfc,ESConv_6,75a33208-a941-494d-a71a-c92efed85165,"[2,7)",TRUE,Passive,Advisor,Informational,Question; Self-disclosure; Affirmation and Reassurance,misaligned_paradox_risk,2,,41f829d6-9b5c-4fac-bfae-340a90fd8b25,2026-03-26T18:50:54.978851+00:00
1532cc0a-f4ed-4b30-9ac2-df450958e0c4,ESConv_24,30341800-7fa2-4396-8e48-83120341f424,"[7,12)",TRUE,Passive,Advisor,Esteem,,misaligned_paradox_risk,2,,bf32f904-50b3-4abb-9e0a-11aa1e2fb942,2026-03-26T18:50:37.379765+00:00
5d7b3504-7270-4f80-adde-b6fe9ee12f0a,ESConv_1,4ff96039-fae0-475a-a046-8d58cb1720da,"[2,7)",TRUE,Active,None,None,,N/A,2,,bf32f904-50b3-4abb-9e0a-11aa1e2fb942,2026-03-26T18:54:43.606647+00:00
6a6f5493-4842-4fdb-8b27-acbfdbda2625,ESConv_1,c5e6c09b-0c35-46fa-9215-bbfd9dcb4d28,"[7,12)",TRUE,Active,Listener,Emotional,Question,misfit,2,,bf32f904-50b3-4abb-9e0a-11aa1e2fb942,2026-03-26T18:55:05.057567+00:00
347b0986-b3e2-4004-b5c3-0719e202274d,ESConv_7,b587e214-5d7f-465f-964e-40e88fd52f82,"[2,7)",TRUE,Passive,Listener,Emotional,Question,aligned,2,,41f829d6-9b5c-4fac-bfae-340a90fd8b25,2026-03-26T19:14:35.571177+00:00
b3acedfc-f916-4329-8030-308ab126f399,ESConv_7,c3401816-b867-47c9-a341-e86b88743589,"[7,12)",TRUE,Passive,Listener,Emotional,Reflection of Feelings,aligned,2,,41f829d6-9b5c-4fac-bfae-340a90fd8b25,2026-03-26T19:14:48.62919+00:00
22e5e9b1-74cc-4a33-825b-3a67afcf51a8,ESConv_8,deea06b4-0980-4a4e-a1c0-3d4d9b49123d,"[2,7)",TRUE,Active,Advisor,Ambiguous,Question,aligned,2,"Even though there is no advice going on, I can see that the AI is prepared for more information to provide useful advice. ",41f829d6-9b5c-4fac-bfae-340a90fd8b25,2026-03-26T19:16:00.35824+00:00
f6d789d8-d0a8-4f35-8280-a2ffb26ba268,ESConv_8,19b62080-e33b-47ee-8b30-db6bc651190f,"[7,12)",TRUE,Active,Listener,Emotional,Question,misfit,2,,bf32f904-50b3-4abb-9e0a-11aa1e2fb942,2026-03-26T18:19:34.583251+00:00
3254e703-03a5-44c4-a9b2-080d439b0e34,ESConv_8,19b62080-e33b-47ee-8b30-db6bc651190f,"[7,12)",TRUE,Active,Reflective Partner,Emotional,Reflection of Feelings; Question,mild_misfit,1,"We can see that the user is seeking some advice, but here the AI is just giving feedback and keeps asking questions, which reveals that the problem might not be ideal and they might not be aligned with each other. ",41f829d6-9b5c-4fac-bfae-340a90fd8b25,2026-03-26T19:17:47.500311+00:00
fd99bcb4-5bf4-4b46-abdf-d0aa66daafbd,ESConv_9,52c387cc-17cd-4169-b037-facfe699563f,"[2,7)",TRUE,Passive,Reflective Partner,Emotional,Question,misfit,2,,41f829d6-9b5c-4fac-bfae-340a90fd8b25,2026-03-26T19:19:56.73972+00:00
5dbe676b-2f5f-45e4-9c0f-3d5b773e715d,ESConv_9,4afd4e48-dd58-4a9e-bfc8-a36b17c47750,"[7,12)",TRUE,Passive,Listener,Emotional,Question; Reflection of Feelings,aligned,2,"Didn't give any advice so far. Seems like asking the user a question to help it understand the question, help both sides understand the question. ",41f829d6-9b5c-4fac-bfae-340a90fd8b25,2026-03-26T19:20:45.310701+00:00
01d085ee-aad1-4f55-b238-192a198561c3,ESConv_10,c43e7cef-1059-443d-b09b-4253c63045c9,"[2,7)",TRUE,Passive,None,None,Question,N/A,2,,41f829d6-9b5c-4fac-bfae-340a90fd8b25,2026-03-26T19:25:52.68561+00:00
b56410bd-a25c-442b-a073-0a41524d47a7,ESConv_10,2866f0a4-26da-4441-925f-1afbd7bd7479,"[7,12)",TRUE,Passive,Listener,Emotional,,aligned,2,,41f829d6-9b5c-4fac-bfae-340a90fd8b25,2026-03-26T19:34:39.436319+00:00
5945af93-d337-4b45-b62a-cde5f3eb5953,ESConv_11,af618bf3-c71b-44ba-ad0a-89d1a6028940,"[2,7)",TRUE,Passive,Advisor,Informational,Providing Suggestions; Information,misaligned_paradox_risk,2,,41f829d6-9b5c-4fac-bfae-340a90fd8b25,2026-03-26T19:35:06.84176+00:00
1152cbf9-cf00-4ccd-9a7e-eb622fe8dfd2,ESConv_11,8d7b24fa-9886-4231-b87c-3a1195db00aa,"[7,12)",TRUE,Passive,Advisor,None,Question,misaligned_paradox_risk,2,,41f829d6-9b5c-4fac-bfae-340a90fd8b25,2026-03-26T19:35:44.026761+00:00
86291c0a-565e-443d-9e8b-fd219ba49551,ESConv_12,0ff86499-9786-4eb1-845d-7293630c67a5,"[2,7)",TRUE,Passive,None,None,Question,N/A,2,,41f829d6-9b5c-4fac-bfae-340a90fd8b25,2026-03-26T19:36:06.472667+00:00
0d91063f-3d23-41b4-bafe-612f724ba99a,ESConv_12,08687149-4e3e-4ebc-8b3a-a3eef500fd72,"[7,12)",TRUE,Passive,Listener,Emotional,Restatement/Paraphrasing; Reflection of Feelings,aligned,2,,41f829d6-9b5c-4fac-bfae-340a90fd8b25,2026-03-26T19:36:53.93766+00:00
7d98b826-198c-4244-8ce2-95872326d6c7,ESConv_13,4187bc51-71af-471c-9909-21d621dac393,"[2,7)",TRUE,Passive,None,Emotional,,N/A,2,,41f829d6-9b5c-4fac-bfae-340a90fd8b25,2026-03-26T21:04:07.068507+00:00
823d35bd-3a92-48bf-82b1-ee7d5541fc58,ESConv_13,8fdf0ab5-8dd0-40d6-ada3-6e096878d421,"[7,12)",TRUE,Passive,Listener,Emotional,,aligned,2,,41f829d6-9b5c-4fac-bfae-340a90fd8b25,2026-03-26T21:07:56.532044+00:00
8b4f33d5-8010-4ef5-8b71-92a5ca8b96f2,ESConv_19,11530ed7-d7ed-4ce7-a635-53e9c9bb45f9,"[7,12)",TRUE,Passive,Ambiguous,None,Self-disclosure; Question,N/A,2,,bf32f904-50b3-4abb-9e0a-11aa1e2fb942,2026-03-26T22:48:47.481319+00:00
a6cb0fee-2b7d-436d-8125-9d714aaa4e0b,ESConv_2,6b31c574-add4-4558-90bc-8eb4afa82aa3,"[7,12)",TRUE,Passive,Advisor,Informational,Question; Providing Suggestions,misaligned_paradox_risk,2,,bf32f904-50b3-4abb-9e0a-11aa1e2fb942,2026-03-26T22:49:30.398533+00:00
6b007a64-950e-4ed4-8384-46428497b872,ESConv_14,5bcd60c8-24eb-4af0-93d1-d090b0cb80f3,"[2,7)",TRUE,Passive,None,None,Question,N/A,2,,41f829d6-9b5c-4fac-bfae-340a90fd8b25,2026-03-28T06:40:15.630081+00:00
6f11938e-68bb-4c70-8080-a66e1f5d8903,ESConv_5,d2eded2f-0c0d-4992-b2cf-2ff849ecfe33,"[7,12)",TRUE,Passive,Navigator,Informational,Providing Suggestions; Affirmation and Reassurance; Information,misaligned_paradox_risk,3,a mix of different strategies but feels like they revolve around finding the right solutions,bf32f904-50b3-4abb-9e0a-11aa1e2fb942,2026-03-26T18:15:01.612661+00:00
742db547-3b4f-452a-a445-bb876fe46275,ESConv_18,3c7f3f0f-8a56-4491-a5bf-6b9f6f51f36a,"[7,12)",TRUE,Passive,Reflective Partner,Emotional,Question,misfit,2,"Use visualisation as a method of providing support, ""what do you want to do once this is over""",bf32f904-50b3-4abb-9e0a-11aa1e2fb942,2026-03-26T18:30:52.72724+00:00
59c70d4c-f94e-4757-be92-01572d04ee00,ESConv_3,78bcce09-2954-4b80-938a-3c5f373dee53,"[2,7)",TRUE,Passive,Navigator,Network,Question; Reflection of Feelings,misaligned_paradox_risk,2,"The AI is navigating to other resources by mentioning it. And when we move the resource, we will just be pure emotional, which is not the feature in this conversation, so I choose Navigator. ",41f829d6-9b5c-4fac-bfae-340a90fd8b25,2026-03-26T18:34:25.962349+00:00
3529b0de-852d-4936-9241-f7898673fd48,ESConv_14,ca101dbe-c08e-4300-850d-7f591108abd0,"[7,12)",TRUE,Passive,Reflective Partner,Emotional,Question; Self-disclosure,misfit,2,,41f829d6-9b5c-4fac-bfae-340a90fd8b25,2026-03-28T06:41:52.341944+00:00
3e5f8b5e-4d5c-49e6-95db-5e5fea7faf8c,ESConv_15,9ca8ae7d-d106-495a-9f90-e54da5e5fae9,"[2,7)",TRUE,Active,Advisor,Emotional,Providing Suggestions,aligned,2,,41f829d6-9b5c-4fac-bfae-340a90fd8b25,2026-03-28T06:42:49.290962+00:00
e024614d-dde2-4190-a7d6-2161782e14b8,ESConv_15,851d2036-8f97-481c-8300-25b24c083995,"[7,12)",TRUE,Active,Coach,Informational,,aligned,2,,41f829d6-9b5c-4fac-bfae-340a90fd8b25,2026-03-28T06:43:44.271258+00:00
ab3fc38f-0463-4ce1-a931-697b8e2482b0,ESConv_16,07495c58-b7f8-4135-bf45-4f8f3dc2eae9,"[2,7)",TRUE,Passive,None,None,Question; Reflection of Feelings,N/A,2,,41f829d6-9b5c-4fac-bfae-340a90fd8b25,2026-03-28T06:44:12.1726+00:00
95ffb3e3-9eb3-406c-bec1-55cda8bda344,ESConv_16,89465216-38b2-4d82-ac70-cfa775b1fe69,"[7,12)",TRUE,Passive,Listener,Esteem,,aligned,2,,41f829d6-9b5c-4fac-bfae-340a90fd8b25,2026-03-28T06:45:00.732694+00:00
87a7f371-7d3e-4497-805d-56ecdc74e0df,ESConv_17,35697fe2-df57-406c-ad53-f65eec80db24,"[2,7)",TRUE,Passive,None,None,Question,N/A,2,,41f829d6-9b5c-4fac-bfae-340a90fd8b25,2026-03-28T06:45:16.533735+00:00
abe69cc0-de00-4ae3-9c42-ceec74d756ed,ESConv_17,37a3d916-b3da-4fc6-a485-9e2aaf08f30d,"[7,12)",TRUE,Passive,Listener,Emotional,,aligned,2,,41f829d6-9b5c-4fac-bfae-340a90fd8b25,2026-03-28T06:45:52.203601+00:00
ba03e16d-1e31-427b-893b-cdf2b6e436fe,ESConv_18,2ff9fb5f-fb0b-4149-82d7-1bfd2d19f0fc,"[2,7)",TRUE,Passive,None,None,Question,N/A,2,,41f829d6-9b5c-4fac-bfae-340a90fd8b25,2026-03-28T06:46:35.410211+00:00
7ab4bf6f-e04e-4e2d-8107-42e3856dc1b0,ESConv_18,3c7f3f0f-8a56-4491-a5bf-6b9f6f51f36a,"[7,12)",TRUE,Passive,Listener,None,Question,aligned,2,,41f829d6-9b5c-4fac-bfae-340a90fd8b25,2026-03-28T06:47:02.084866+00:00
81b35ff9-e8fb-4838-94f6-6e6491ce3120,ESConv_19,68b123e7-1565-4303-b628-c8ade42ca6b0,"[2,7)",TRUE,Passive,None,None,Question,N/A,2,,41f829d6-9b5c-4fac-bfae-340a90fd8b25,2026-03-28T06:47:25.094042+00:00
5c36c5a7-cf49-45dd-93fe-62d5b1636f42,ESConv_19,11530ed7-d7ed-4ce7-a635-53e9c9bb45f9,"[7,12)",TRUE,Passive,None,None,Question,N/A,2,,41f829d6-9b5c-4fac-bfae-340a90fd8b25,2026-03-28T06:47:39.148889+00:00
a67ed889-235a-4867-9e9a-e1bcd2f5053f,ESConv_20,978d0d2b-68c6-41d7-9149-9a38f60e7269,"[2,7)",TRUE,Passive,None,None,Question,N/A,2,,41f829d6-9b5c-4fac-bfae-340a90fd8b25,2026-03-28T06:47:55.190742+00:00
b2e802f9-7fcc-461c-adce-f851854704ed,ESConv_20,2f984489-b8dc-4350-a176-352ea03e400d,"[7,12)",TRUE,Passive,Advisor,Emotional,Reflection of Feelings,misaligned_paradox_risk,2,,41f829d6-9b5c-4fac-bfae-340a90fd8b25,2026-03-28T06:48:25.875323+00:00
bf9874f1-4807-4935-9560-d706c8bc38d1,ESConv_21,91345cd8-c511-404b-8db1-5c88c7057993,"[2,7)",TRUE,Passive,None,None,Question,N/A,2,,41f829d6-9b5c-4fac-bfae-340a90fd8b25,2026-03-28T06:49:02.121592+00:00
239ee9c1-2255-43a0-9d6f-9daf7a0c05b8,ESConv_21,689936e4-bee9-4ffb-967e-128e7a7fa4c1,"[7,12)",TRUE,Passive,Listener,Emotional,Question,aligned,2,,41f829d6-9b5c-4fac-bfae-340a90fd8b25,2026-03-28T06:49:56.516184+00:00
1e4fe2c0-72a5-4e88-a455-69a040d279bb,ESConv_22,7c292aae-ecbe-466f-b596-7f64b0aa2f01,"[2,7)",TRUE,Passive,None,None,Question,N/A,2,,41f829d6-9b5c-4fac-bfae-340a90fd8b25,2026-03-28T06:50:10.400934+00:00
bc158f3e-c852-432f-a405-c97148a793ad,ESConv_22,4eeb5306-2e52-4300-88d8-c19897981d65,"[7,12)",TRUE,Passive,Listener,None,Question,aligned,2,,41f829d6-9b5c-4fac-bfae-340a90fd8b25,2026-03-28T06:50:22.073622+00:00
6533c0a6-4bff-49ce-80f0-7b4f42eb7349,ESConv_23,0957ad51-b545-4e0c-9f5e-12098c7e0e7e,"[2,7)",TRUE,Passive,None,None,Question,N/A,2,,41f829d6-9b5c-4fac-bfae-340a90fd8b25,2026-03-28T06:50:35.614352+00:00
89c6dbc7-3214-41f2-9a0a-d72f88af1411,ESConv_23,bfe3cebe-88aa-41ac-b00d-7b1c08acbc9a,"[7,12)",TRUE,Passive,Reflective Partner,Esteem,Question; Reflection of Feelings,misfit,2,,41f829d6-9b5c-4fac-bfae-340a90fd8b25,2026-03-28T06:51:03.099529+00:00
619eee27-f156-491a-8040-2b037052bb7d,ESConv_24,739d7c33-e2fa-45e2-af6b-f684f2b3676c,"[2,7)",TRUE,Passive,None,None,,N/A,2,,41f829d6-9b5c-4fac-bfae-340a90fd8b25,2026-03-28T06:51:26.252573+00:00
1a1cc8a2-6d2a-4baf-9d68-a18cb7b3132f,ESConv_24,30341800-7fa2-4396-8e48-83120341f424,"[7,12)",TRUE,Passive,None,Emotional,Reflection of Feelings,N/A,2,,41f829d6-9b5c-4fac-bfae-340a90fd8b25,2026-03-28T06:51:55.562419+00:00